id;description;sort_order;date_added;date_modified;status
1;Table;31264;2021-08-02;2021-08-03;DISABLED
2;Integration;82897;2021-08-03;2021-08-02;DISABLED
3;HTTP Checking;90596;2021-08-02;2021-08-02;DISABLED
4;Berkshire Planner enterprise;13053;2021-08-03;2021-08-03;DISABLED
5;Soap Salad killer;19780;2021-08-03;2021-08-03;BORROWED
6;Washington;94420;2021-08-03;2021-08-02;AVAILABLE
7;Designer array;15061;2021-08-02;2021-08-03;BORROWED
8;Loan Music;61498;2021-08-02;2021-08-03;BORROWED
9;Account Front-line plug-and-play;23683;2021-08-02;2021-08-03;DISABLED
10;Rubber;66292;2021-08-02;2021-08-02;DISABLED
